Accuracy,Precision,F1-score,Total Inference time,Batch Inference time,Est. Sample Inference time,Total parameters,Memory footprint,Data type,Bit width,Bit Width,Stored Model Size (MB)
48.04828973843058,45.86324556852285,40.055665280680316,2.5882838999968953,0.25882838999968955,0.0010415629376245052,2657616.0,10.306883811950684,torch.float32,32,1,0.6012945175170898
59.758551307847085,63.374523542854156,58.93775810503353,2.571839699998236,0.2571839699998236,0.0010349455533192097,2657616.0,10.306883811950684,torch.float32,32,2,0.9139165878295898
78.75251509054326,79.21672459725852,78.62837711609443,2.4984081000075093,0.24984081000075092,0.0010053956136851145,2657616.0,10.306883811950684,torch.float32,32,4,1.5392217636108398
78.79275653923541,79.20084412732105,78.6714668908466,2.5210054999988643,0.2521005499998864,0.0010144891348083961,2657616.0,10.306883811950684,torch.float32,32,8,2.79019832611084
78.79275653923541,79.19712392919969,78.6701272543037,2.5336126999973203,0.253361269999732,0.001019562454727292,2657616.0,10.306883811950684,torch.float32,32,16,5.2917985916137695
78.7122736418511,79.10022953645417,78.5822326078712,2.522719100001268,0.25227191000012683,0.0010151787122741522,2657616.0,10.306883811950684,torch.float32,32,32,10.29399585723877
