Accuracy,Precision,F1-score,Total Inference time,Batch Inference time,Est. Sample Inference time,Total parameters,Memory footprint,Data type,Bit width,Bit Width,Stored Model Size (MB)
48.04828973843058,45.86324556852285,40.055665280680316,2.5108327999987523,0.25108327999987523,0.0010103954929572443,2657616.0,10.306883811950684,torch.float32,32,1,0.6012945175170898
59.758551307847085,63.374523542854156,58.93775810503353,2.5283480999996755,0.25283480999996755,0.0010174439034203926,2657616.0,10.306883811950684,torch.float32,32,2,0.9139165878295898
78.75251509054326,79.21672459725852,78.62837711609443,2.5524035999969783,0.25524035999969785,0.001027124185109448,2657616.0,10.306883811950684,torch.float32,32,4,1.5392217636108398
78.79275653923541,79.20084412732105,78.6714668908466,2.5400891000008414,0.25400891000008413,0.0010221686519118075,2657616.0,10.306883811950684,torch.float32,32,8,2.79019832611084
78.79275653923541,79.19712392919969,78.6701272543037,2.537369100000433,0.2537369100000433,0.0010210740845072164,2657616.0,10.306883811950684,torch.float32,32,16,5.2917985916137695
78.7122736418511,79.10022953645417,78.5822326078712,2.4792360999990706,0.24792360999990706,0.000997680523138459,2657616.0,10.306883811950684,torch.float32,32,32,10.29399585723877
